snapshot_ym,code,name,headcount
200506,AF3T,"AIR FORCE ELEMENTS, U.S. TRANSPORTATION COMMAND",348.0
200506,BT00,ARCHITECTURAL AND TRANSPORTATION BARRIERS COMPLIANCE BOARD,40.0
200506,DD29,DEFENSE TECHNOLOGY SECURITY ADMINISTRATION,134.0
200506,DLPW,EMPLOYEE BENEFITS SECURITY ADMINISTRATION,879.0
200506,HSBA,OFFICE OF THE UNDER SECRETARY FOR BORDER AND TRANSPORTATION SECURITY,146.0
200506,HSBC,TRANSPORTATION SECURITY ADMINISTRATION,57948.0
200506,SZ00,SOCIAL SECURITY ADMINISTRATION,66842.0
200506,TB00,NATIONAL TRANSPORTATION SAFETY BOARD,431.0
200506,TD01,OFFICE OF THE SECRETARY OF TRANSPORTATION,759.0
200506,TD15,SURFACE TRANSPORTATION BOARD,134.0
200806,AF3T,"AIR FORCE ELEMENTS, U.S. TRANSPORTATION COMMAND",399.0
200806,BT00,ARCHITECTURAL AND TRANSPORTATION BARRIERS COMPLIANCE BOARD,41.0
200806,DD29,DEFENSE TECHNOLOGY SECURITY ADMINISTRATION,141.0
200806,DF00,OFFICE OF THE FEDERAL COORDINATOR FOR ALASKA NATURAL GAS TRANSPORTATION PROJECTS,4.0
200806,HSBC,TRANSPORTATION SECURITY ADMINISTRATION,61476.0
200806,SZ00,SOCIAL SECURITY ADMINISTRATION,63622.0
200806,TB00,NATIONAL TRANSPORTATION SAFETY BOARD,403.0
200806,TD01,OFFICE OF THE SECRETARY OF TRANSPORTATION,638.0
200806,TD15,SURFACE TRANSPORTATION BOARD,142.0
201006,AF3T,"AIR FORCE ELEMENTS, U.S. TRANSPORTATION COMMAND",483.0
201006,BT00,ARCHITECTURAL AND TRANSPORTATION BARRIERS COMPLIANCE BOARD,40.0
201006,DD29,DEFENSE TECHNOLOGY SECURITY ADMINISTRATION,135.0
201006,DF00,OFFICE OF THE FEDERAL COORDINATOR FOR ALASKA NATURAL GAS TRANSPORTATION PROJECTS,11.0
201006,DLPW,EMPLOYEE BENEFITS SECURITY ADMINISTRATION,994.0
201006,HSBC,TRANSPORTATION SECURITY ADMINISTRATION,59970.0
201006,SZ00,SOCIAL SECURITY ADMINISTRATION,69600.0
201006,TB00,NATIONAL TRANSPORTATION SAFETY BOARD,392.0
201006,TD01,OFFICE OF THE SECRETARY OF TRANSPORTATION,732.0
201006,TD15,SURFACE TRANSPORTATION BOARD,151.0
201206,AF3T,"AIR FORCE ELEMENTS, U.S. TRANSPORTATION COMMAND",576.0
201206,BT00,ARCHITECTURAL AND TRANSPORTATION BARRIERS COMPLIANCE BOARD,40.0
201206,DD29,DEFENSE TECHNOLOGY SECURITY ADMINISTRATION,132.0
201206,DF00,OFFICE OF THE FEDERAL COORDINATOR FOR ALASKA NATURAL GAS TRANSPORTATION PROJECTS,6.0
201206,DLPW,EMPLOYEE BENEFITS SECURITY ADMINISTRATION,1000.0
201206,HSBC,TRANSPORTATION SECURITY ADMINISTRATION,65209.0
201206,SZ00,SOCIAL SECURITY ADMINISTRATION,65282.0
201206,TB00,NATIONAL TRANSPORTATION SAFETY BOARD,429.0
201206,TD01,OFFICE OF THE SECRETARY OF TRANSPORTATION,783.0
201206,TD15,SURFACE TRANSPORTATION BOARD,139.0
201406,AF3T,"AIR FORCE ELEMENTS, U.S. TRANSPORTATION COMMAND",637.0
201406,BT00,ARCHITECTURAL AND TRANSPORTATION BARRIERS COMPLIANCE BOARD,40.0
201406,DD29,DEFENSE TECHNOLOGY SECURITY ADMINISTRATION,127.0
201406,DF00,OFFICE OF THE FEDERAL COORDINATOR FOR ALASKA NATURAL GAS TRANSPORTATION PROJECTS,5.0
201406,DLPW,EMPLOYEE BENEFITS SECURITY ADMINISTRATION,990.0
201406,HSBC,TRANSPORTATION SECURITY ADMINISTRATION,60831.0
201406,SZ00,SOCIAL SECURITY ADMINISTRATION,62651.0
201406,TB00,NATIONAL TRANSPORTATION SAFETY BOARD,407.0
201406,TD01,OFFICE OF THE SECRETARY OF TRANSPORTATION,728.0
201406,TD15,SURFACE TRANSPORTATION BOARD,134.0
201606,AF3T,"AIR FORCE ELEMENTS, U.S. TRANSPORTATION COMMAND",661.0
201606,BT00,ARCHITECTURAL AND TRANSPORTATION BARRIERS COMPLIANCE BOARD,41.0
201606,DD29,DEFENSE TECHNOLOGY SECURITY ADMINISTRATION,129.0
201606,DLPW,EMPLOYEE BENEFITS SECURITY ADMINISTRATION,968.0
201606,HSBC,TRANSPORTATION SECURITY ADMINISTRATION,59625.0
201606,SZ00,SOCIAL SECURITY ADMINISTRATION,65352.0
201606,TB00,NATIONAL TRANSPORTATION SAFETY BOARD,442.0
201606,TD01,OFFICE OF THE SECRETARY OF TRANSPORTATION,1474.0
201606,TD15,SURFACE TRANSPORTATION BOARD,142.0
201806,AF3T,"AIR FORCE ELEMENTS, U.S. TRANSPORTATION COMMAND",748.0
201806,BT00,ARCHITECTURAL AND TRANSPORTATION BARRIERS COMPLIANCE BOARD,37.0
201806,DD29,DEFENSE TECHNOLOGY SECURITY ADMINISTRATION,126.0
201806,DLPW,EMPLOYEE BENEFITS SECURITY ADMINISTRATION,842.0
201806,HSBC,TRANSPORTATION SECURITY ADMINISTRATION,62260.0
201806,SZ00,SOCIAL SECURITY ADMINISTRATION,60898.0
201806,TB00,NATIONAL TRANSPORTATION SAFETY BOARD,414.0
201806,TD01,OFFICE OF THE SECRETARY OF TRANSPORTATION,1464.0
201806,TD15,SURFACE TRANSPORTATION BOARD,112.0
202006,AF3T,"AIR FORCE ELEMENTS, U.S. TRANSPORTATION COMMAND",884.0
202006,BT00,ARCHITECTURAL AND TRANSPORTATION BARRIERS COMPLIANCE BOARD,40.0
202006,DD29,DEFENSE TECHNOLOGY SECURITY ADMINISTRATION,125.0
202006,DLPW,EMPLOYEE BENEFITS SECURITY ADMINISTRATION,851.0
202006,HSBC,TRANSPORTATION SECURITY ADMINISTRATION,62219.0
202006,SZ00,SOCIAL SECURITY ADMINISTRATION,60515.0
202006,TB00,NATIONAL TRANSPORTATION SAFETY BOARD,404.0
202006,TD01,OFFICE OF THE SECRETARY OF TRANSPORTATION,1512.0
202006,TW00,SURFACE TRANSPORTATION BOARD,116.0
202206,AF3T,"AIR FORCE ELEMENTS, U.S. TRANSPORTATION COMMAND",960.0
202206,BT00,ARCHITECTURAL AND TRANSPORTATION BARRIERS COMPLIANCE BOARD,43.0
202206,DD29,DEFENSE TECHNOLOGY SECURITY ADMINISTRATION,117.0
202206,DLPW,EMPLOYEE BENEFITS SECURITY ADMINISTRATION,797.0
202206,HSBC,TRANSPORTATION SECURITY ADMINISTRATION,60957.0
202206,SZ00,SOCIAL SECURITY ADMINISTRATION,58332.0
202206,TB00,NATIONAL TRANSPORTATION SAFETY BOARD,408.0
202206,TD01,OFFICE OF THE SECRETARY OF TRANSPORTATION,1583.0
202206,TW00,SURFACE TRANSPORTATION BOARD,120.0
202406,AF3T,"AIR FORCE ELEMENTS, U.S. TRANSPORTATION COMMAND",994.0
202406,BT00,ARCHITECTURAL AND TRANSPORTATION BARRIERS COMPLIANCE BOARD,39.0
202406,DD29,DEFENSE TECHNOLOGY SECURITY ADMINISTRATION,122.0
202406,DLPW,EMPLOYEE BENEFITS SECURITY ADMINISTRATION,835.0
202406,HSBC,TRANSPORTATION SECURITY ADMINISTRATION,63701.0
202406,SZ00,SOCIAL SECURITY ADMINISTRATION,58367.0
202406,TB00,NATIONAL TRANSPORTATION SAFETY BOARD,436.0
202406,TD01,OFFICE OF THE SECRETARY OF TRANSPORTATION,1952.0
202406,TW00,SURFACE TRANSPORTATION BOARD,122.0
202506,AF3T,"AIR FORCE ELEMENTS, U.S. TRANSPORTATION COMMAND",1002.0
202506,BT00,ARCHITECTURAL AND TRANSPORTATION BARRIERS COMPLIANCE BOARD,37.0
202506,DD29,DEFENSE TECHNOLOGY SECURITY ADMINISTRATION,120.0
202506,DLPW,EMPLOYEE BENEFITS SECURITY ADMINISTRATION,769.0
202506,HSBC,TRANSPORTATION SECURITY ADMINISTRATION,65943.0
202506,SZ00,SOCIAL SECURITY ADMINISTRATION,52834.0
202506,TB00,NATIONAL TRANSPORTATION SAFETY BOARD,408.0
202506,TD01,OFFICE OF THE SECRETARY OF TRANSPORTATION,1878.0
202506,TW00,SURFACE TRANSPORTATION BOARD,124.0
202606,AF3T,"AIR FORCE ELEMENTS, U.S. TRANSPORTATION COMMAND",968.0
202606,ARXT,ARMY TRANSPORTATION COMMAND,1132.0
202606,BT00,ARCHITECTURAL AND TRANSPORTATION BARRIERS COMPLIANCE BOARD,33.0
202606,DLPW,EMPLOYEE BENEFITS SECURITY ADMINISTRATION,614.0
202606,HSBC,TRANSPORTATION SECURITY ADMINISTRATION,59977.0
202606,SZ00,SOCIAL SECURITY ADMINISTRATION,49439.0
202606,TB00,NATIONAL TRANSPORTATION SAFETY BOARD,406.0
202606,TD01,OFFICE OF THE SECRETARY OF TRANSPORTATION,1544.0
202606,TW00,SURFACE TRANSPORTATION BOARD,110.0
