dataset,ym,version,publish_date,hf_http_status
accessions,200501,1,2025-12-05T22:38:59.184Z,200
accessions,200502,1,2025-12-05T22:45:59.809Z,200
accessions,200503,1,2025-12-05T22:48:15.018Z,200
accessions,200504,1,2025-12-05T22:50:39.613Z,200
accessions,200505,1,2025-12-05T22:53:04.597Z,200
accessions,200506,1,2025-12-05T22:55:09.652Z,200
accessions,200507,1,2025-12-05T22:57:36.761Z,200
accessions,200508,1,2025-12-05T23:00:01.541Z,200
accessions,200509,1,2025-12-05T23:02:08.279Z,200
accessions,200510,1,2025-12-05T23:04:21.762Z,200
accessions,200511,1,2025-12-05T23:06:37.803Z,200
accessions,200512,1,2025-12-05T23:08:52.722Z,200
accessions,200601,1,2025-12-05T23:10:57.515Z,200
accessions,200602,1,2025-12-05T23:13:12.861Z,200
accessions,200603,1,2025-12-05T23:15:57.271Z,200
accessions,200604,1,2025-12-05T23:18:11.350Z,200
accessions,200605,1,2025-12-05T23:20:22.473Z,200
accessions,200606,1,2025-12-05T23:22:33.398Z,200
accessions,200607,1,2025-12-05T23:24:49.491Z,200
accessions,200608,1,2025-12-05T23:27:58.932Z,200
accessions,200609,1,2025-12-05T23:30:14.581Z,200
accessions,200610,1,2025-12-05T23:32:29.967Z,200
accessions,200611,1,2025-12-05T23:34:35.024Z,200
accessions,200612,1,2025-12-05T23:36:39.469Z,200
accessions,200701,1,2025-12-05T23:39:03.601Z,200
accessions,200702,1,2025-12-05T23:41:18.134Z,200
accessions,200703,1,2025-12-05T23:43:24.410Z,200
accessions,200704,1,2025-12-05T23:45:49.490Z,200
accessions,200705,1,2025-12-05T23:47:56.815Z,200
accessions,200706,1,2025-12-05T23:50:12.459Z,200
accessions,200707,1,2025-12-05T23:52:20.693Z,200
accessions,200708,1,2025-12-05T23:54:16.423Z,200
accessions,200709,1,2025-12-05T23:56:40.636Z,200
accessions,200710,1,2025-12-05T23:58:38.297Z,200
accessions,200711,1,2025-12-06T00:00:38.250Z,200
accessions,200712,1,2025-12-06T00:03:14.757Z,200
accessions,200801,1,2025-12-06T00:05:18.935Z,200
accessions,200802,1,2025-12-06T00:07:15.051Z,200
accessions,200803,1,2025-12-06T00:09:18.948Z,200
accessions,200804,1,2025-12-06T00:11:14.220Z,200
accessions,200805,1,2025-12-06T00:13:10.519Z,200
accessions,200806,1,2025-12-06T00:15:28.195Z,200
accessions,200807,1,2025-12-06T00:17:23.289Z,200
accessions,200808,1,2025-12-06T00:19:17.274Z,200
accessions,200809,1,2025-12-06T00:21:35.441Z,200
accessions,200810,1,2025-12-06T00:23:31.050Z,200
accessions,200811,1,2025-12-06T00:25:27.328Z,200
accessions,200812,1,2025-12-06T00:27:22.134Z,200
accessions,200901,1,2025-12-06T00:29:08.316Z,200
accessions,200902,1,2025-12-06T00:31:11.947Z,200
accessions,200903,1,2025-12-06T00:33:20.489Z,200
accessions,200904,1,2025-12-06T00:35:15.462Z,200
accessions,200905,1,2025-12-06T00:37:09.500Z,200
accessions,200906,1,2025-12-06T00:39:24.772Z,200
accessions,200907,1,2025-12-06T00:41:31.354Z,200
accessions,200908,1,2025-12-06T00:43:36.391Z,200
accessions,200909,1,2025-12-06T00:45:59.667Z,200
accessions,200910,1,2025-12-10T22:13:58.169Z,200
accessions,200911,1,2025-12-10T22:21:57.046Z,200
accessions,200912,1,2025-12-10T22:23:23.265Z,200
accessions,201001,2,2026-03-04T23:47:56.979Z,200
accessions,201002,2,2026-03-04T23:46:13.099Z,200
accessions,201003,2,2026-03-04T23:44:30.240Z,200
accessions,201004,2,2026-03-04T23:42:36.997Z,200
accessions,201005,2,2026-03-04T23:40:32.975Z,200
accessions,201006,2,2026-03-04T23:38:29.695Z,200
accessions,201007,2,2026-03-04T23:36:27.249Z,200
accessions,201008,2,2026-03-04T23:34:23.219Z,200
accessions,201009,2,2026-03-04T23:32:29.889Z,200
accessions,201010,2,2026-03-04T23:30:37.598Z,200
accessions,201011,2,2026-03-04T23:28:44.130Z,200
accessions,201012,2,2026-03-04T23:26:50.118Z,200
accessions,201101,2,2026-03-04T23:25:07.308Z,200
accessions,201102,2,2026-03-04T23:23:13.315Z,200
accessions,201103,2,2026-03-04T23:21:09.634Z,200
accessions,201104,2,2026-03-04T23:19:16.337Z,200
accessions,201105,2,2026-03-04T23:17:22.133Z,200
accessions,201106,2,2026-03-04T23:15:29.112Z,200
accessions,201107,2,2026-03-04T23:13:35.633Z,200
accessions,201108,2,2026-03-04T23:11:32.507Z,200
accessions,201109,2,2026-03-04T23:09:38.943Z,200
accessions,201110,2,2026-03-04T23:07:45.339Z,200
accessions,201111,2,2026-03-04T23:05:49.809Z,200
accessions,201112,2,2026-03-04T23:03:56.274Z,200
accessions,201201,2,2026-03-04T23:02:02.495Z,200
accessions,201202,2,2026-03-04T23:00:08.960Z,200
accessions,201203,2,2026-03-04T22:58:15.812Z,200
accessions,201204,2,2026-03-04T22:56:22.400Z,200
accessions,201205,2,2026-03-04T22:54:29.145Z,200
accessions,201206,2,2026-03-04T22:52:25.933Z,200
accessions,201207,2,2026-03-04T22:50:30.988Z,200
accessions,201208,2,2026-03-04T22:48:37.449Z,200
accessions,201209,2,2026-03-04T22:46:43.954Z,200
accessions,201210,2,2026-03-04T22:44:50.168Z,200
accessions,201211,2,2026-03-04T22:42:56.868Z,200
accessions,201212,2,2026-03-04T22:41:04.304Z,200
accessions,201301,2,2026-03-04T22:39:10.907Z,200
accessions,201302,2,2026-03-04T22:37:17.564Z,200
accessions,201303,2,2026-03-04T22:35:23.232Z,200
accessions,201304,2,2026-03-04T22:33:30.388Z,200
accessions,201305,2,2026-03-04T22:31:36.622Z,200
accessions,201306,2,2026-03-04T22:29:43.034Z,200
accessions,201307,2,2026-03-04T22:27:50.041Z,200
accessions,201308,2,2026-03-04T22:25:56.542Z,200
accessions,201309,2,2026-03-04T22:24:03.218Z,200
accessions,201310,2,2026-03-04T22:22:09.700Z,200
accessions,201311,2,2026-03-04T22:20:17.577Z,200
accessions,201312,2,2026-03-04T22:18:22.475Z,200
accessions,201401,2,2026-03-04T22:16:29.087Z,200
accessions,201402,2,2026-03-04T22:14:35.533Z,200
accessions,201403,2,2026-03-04T22:12:42.204Z,200
accessions,201404,2,2026-03-04T22:10:48.963Z,200
accessions,201405,2,2026-03-04T22:08:55.304Z,200
accessions,201406,2,2026-03-04T22:07:01.339Z,200
accessions,201407,2,2026-03-04T22:05:08.582Z,200
accessions,201408,2,2026-03-04T22:03:14.887Z,200
accessions,201409,2,2026-03-04T22:01:20.412Z,200
accessions,201410,2,2026-03-04T21:59:26.436Z,200
accessions,201411,2,2026-03-04T21:57:33.157Z,200
accessions,201412,2,2026-03-04T21:55:40.198Z,200
accessions,201501,3,2026-04-30T22:23:39.915Z,200
accessions,201502,3,2026-04-30T22:22:06.575Z,200
accessions,201503,3,2026-04-30T22:20:31.627Z,200
accessions,201504,3,2026-04-30T22:18:48.418Z,200
accessions,201505,3,2026-04-30T22:16:55.503Z,200
accessions,201506,3,2026-04-30T22:15:12.675Z,200
accessions,201507,3,2026-04-30T22:13:28.811Z,200
accessions,201508,3,2026-04-30T22:11:55.645Z,200
accessions,201509,3,2026-04-30T22:10:12.880Z,200
accessions,201510,3,2026-04-30T22:08:39.366Z,200
accessions,201511,3,2026-04-30T22:06:56.322Z,200
accessions,201512,3,2026-04-30T22:05:33.292Z,200
accessions,201601,3,2026-04-30T22:04:00.132Z,200
accessions,201602,3,2026-04-30T22:02:26.999Z,200
accessions,201603,3,2026-04-30T22:00:52.935Z,200
accessions,201604,3,2026-04-30T21:59:18.683Z,200
accessions,201605,3,2026-04-30T21:57:25.219Z,200
accessions,201606,3,2026-04-30T21:55:42.795Z,200
accessions,201607,3,2026-04-30T21:53:58.885Z,200
accessions,201608,3,2026-04-30T21:52:25.708Z,200
accessions,201609,3,2026-04-30T21:50:52.648Z,200
accessions,201610,3,2026-04-30T21:49:09.497Z,200
accessions,201611,3,2026-04-30T21:47:26.188Z,200
accessions,201612,3,2026-04-30T21:45:53.034Z,200
accessions,201701,3,2026-04-30T21:44:09.918Z,200
accessions,201702,3,2026-04-30T21:42:36.729Z,200
accessions,201703,3,2026-04-30T21:41:03.485Z,200
accessions,201704,3,2026-04-30T21:39:19.998Z,200
accessions,201705,3,2026-04-30T21:37:37.281Z,200
accessions,201706,3,2026-04-30T21:35:53.293Z,200
accessions,201707,3,2026-04-30T21:34:10.101Z,200
accessions,201708,3,2026-04-30T21:32:37.209Z,200
accessions,201709,3,2026-04-30T21:30:53.813Z,200
accessions,201710,3,2026-04-30T21:29:10.072Z,200
accessions,201711,3,2026-04-30T21:27:37.456Z,200
accessions,201712,3,2026-04-30T21:26:02.912Z,200
accessions,201801,3,2026-04-30T21:24:30.240Z,200
accessions,201802,3,2026-04-30T21:22:56.355Z,200
accessions,201803,3,2026-04-30T21:21:23.507Z,200
accessions,201804,3,2026-04-30T21:19:41.129Z,200
accessions,201805,3,2026-04-30T21:17:57.208Z,200
accessions,201806,3,2026-04-30T21:16:13.568Z,200
accessions,201807,3,2026-04-30T21:14:30.354Z,200
accessions,201808,3,2026-04-30T21:12:46.592Z,200
accessions,201809,3,2026-04-30T21:11:03.904Z,200
accessions,201810,3,2026-04-30T21:09:20.105Z,200
accessions,201811,3,2026-04-30T21:07:46.679Z,200
accessions,201812,3,2026-04-30T21:06:23.702Z,200
accessions,201901,3,2026-04-30T21:04:50.046Z,200
accessions,201902,3,2026-04-30T21:03:17.601Z,200
accessions,201903,3,2026-04-30T21:01:37.022Z,200
accessions,201904,3,2026-04-30T20:59:50.196Z,200
accessions,201905,3,2026-04-30T20:58:07.250Z,200
accessions,201906,3,2026-04-30T20:56:14.757Z,200
accessions,201907,3,2026-04-30T20:54:30.461Z,200
accessions,201908,3,2026-04-30T20:52:45.874Z,200
accessions,201909,3,2026-04-30T20:51:02.795Z,200
accessions,201910,3,2026-04-30T20:49:19.294Z,200
accessions,201911,3,2026-04-30T20:47:46.331Z,200
accessions,201912,3,2026-04-30T20:46:13.067Z,200
accessions,202001,3,2026-04-30T20:44:29.544Z,200
accessions,202002,3,2026-04-30T20:42:46.662Z,200
accessions,202003,3,2026-04-30T20:41:03.418Z,200
accessions,202004,3,2026-04-30T20:39:20.063Z,200
accessions,202005,3,2026-04-30T20:37:36.227Z,200
accessions,202006,3,2026-04-30T20:35:53.534Z,200
accessions,202007,3,2026-04-30T20:34:09.992Z,200
accessions,202008,3,2026-04-30T20:32:26.516Z,200
accessions,202009,3,2026-04-30T20:30:41.930Z,200
accessions,202010,3,2026-04-30T20:28:58.795Z,200
accessions,202011,3,2026-04-30T20:27:25.624Z,200
accessions,202012,3,2026-04-30T20:25:52.256Z,200
accessions,202101,3,2026-04-30T20:24:09.131Z,200
accessions,202102,3,2026-04-30T20:22:35.462Z,200
accessions,202103,3,2026-04-30T20:20:51.944Z,200
accessions,202104,3,2026-04-30T20:19:07.919Z,200
accessions,202105,3,2026-04-30T20:17:24.748Z,200
accessions,202106,3,2026-04-30T20:15:41.841Z,200
accessions,202107,3,2026-04-30T20:13:57.787Z,200
accessions,202108,3,2026-04-30T20:12:14.269Z,200
accessions,202109,3,2026-04-30T20:10:31.271Z,200
accessions,202110,3,2026-04-30T20:08:57.985Z,200
accessions,202111,3,2026-04-30T20:07:14.910Z,200
accessions,202112,3,2026-04-30T20:05:41.245Z,200
accessions,202201,3,2026-04-30T20:03:58.422Z,200
accessions,202202,3,2026-04-30T20:02:24.342Z,200
accessions,202203,3,2026-04-30T20:00:41.337Z,200
accessions,202204,3,2026-04-30T19:58:57.569Z,200
accessions,202205,3,2026-04-30T19:57:13.762Z,200
accessions,202206,3,2026-04-30T19:55:28.190Z,200
accessions,202207,3,2026-04-30T19:53:35.345Z,200
accessions,202208,3,2026-04-30T19:51:41.904Z,200
accessions,202209,3,2026-04-30T19:49:58.517Z,200
accessions,202210,3,2026-04-30T19:48:15.265Z,200
accessions,202211,3,2026-04-30T19:46:31.924Z,200
accessions,202212,3,2026-04-30T19:44:59.168Z,200
accessions,202301,3,2026-04-30T19:43:15.252Z,200
accessions,202302,3,2026-04-30T19:41:31.737Z,200
accessions,202303,3,2026-04-30T19:39:48.553Z,200
accessions,202304,3,2026-04-30T19:38:05.331Z,200
accessions,202305,3,2026-04-30T19:36:22.242Z,200
accessions,202306,3,2026-04-30T19:34:37.050Z,200
accessions,202307,3,2026-04-30T19:32:42.596Z,200
accessions,202308,3,2026-04-30T19:30:59.610Z,200
accessions,202309,3,2026-04-30T19:29:15.850Z,200
accessions,202310,3,2026-04-30T19:27:32.954Z,200
accessions,202311,3,2026-04-30T19:25:48.652Z,200
accessions,202312,3,2026-04-30T19:24:15.764Z,200
accessions,202401,3,2026-04-30T19:22:32.292Z,200
accessions,202402,3,2026-04-30T19:20:48.968Z,200
accessions,202403,3,2026-04-30T19:19:16.190Z,200
accessions,202404,3,2026-04-30T19:17:42.602Z,200
accessions,202405,3,2026-04-30T19:16:00.593Z,200
accessions,202406,3,2026-04-30T19:14:06.063Z,200
accessions,202407,3,2026-04-30T19:12:22.429Z,200
accessions,202408,3,2026-04-30T19:10:39.568Z,200
accessions,202409,3,2026-04-30T19:08:55.625Z,200
accessions,202410,3,2026-04-30T19:07:12.480Z,200
accessions,202411,3,2026-04-30T19:05:39.202Z,200
accessions,202412,3,2026-04-30T19:04:05.779Z,200
accessions,202501,3,2026-04-30T19:02:23.151Z,200
accessions,202502,4,2026-04-30T19:00:59.635Z,200
accessions,202503,4,2026-04-30T18:59:46.210Z,200
accessions,202504,4,2026-04-30T18:58:23.530Z,200
accessions,202505,4,2026-04-30T18:56:59.846Z,200
accessions,202506,4,2026-04-30T18:55:36.386Z,200
accessions,202507,4,2026-04-30T18:54:13.028Z,200
accessions,202508,4,2026-04-30T18:52:49.923Z,200
accessions,202509,4,2026-04-30T18:51:16.549Z,200
accessions,202510,4,2026-04-30T18:49:53.300Z,200
accessions,202511,4,2026-04-30T18:48:19.646Z,200
accessions,202512,3,2026-04-30T18:46:56.343Z,200
accessions,202601,2,2026-04-30T18:44:41.752Z,200
accessions,202602,2,2026-04-30T18:43:28.508Z,200
accessions,202603,1,2026-04-30T18:41:44.378Z,200
accessions,202604,1,2026-05-28T15:11:21.595Z,200
accessions,202605,1,2026-06-30T16:41:47.880Z,200
accessions,202606,3,2026-09-02T14:13:59.710Z,200
accessions,202607,1,2026-09-02T14:20:56.651Z,200
employment,200503,1,2025-12-05T22:55:31.168Z,200
employment,200506,1,2025-12-05T23:01:27.189Z,200
employment,200509,1,2025-12-05T23:07:13.951Z,200
employment,200512,1,2025-12-05T23:13:09.186Z,200
employment,200603,1,2025-12-05T23:19:05.974Z,200
employment,200606,1,2025-12-05T23:24:52.370Z,200
employment,200609,1,2025-12-05T23:31:21.286Z,200
employment,200612,1,2025-12-05T23:37:07.549Z,200
employment,200703,1,2025-12-05T23:42:54.670Z,200
employment,200706,1,2025-12-05T23:48:42.683Z,200
employment,200709,1,2025-12-05T23:54:29.065Z,200
employment,200712,1,2025-12-06T00:00:50.195Z,200
employment,200803,1,2025-12-06T00:06:57.380Z,200
employment,200806,1,2025-12-06T00:13:14.552Z,200
employment,200809,1,2025-12-06T00:19:41.506Z,200
employment,200812,1,2025-12-06T00:25:59.897Z,200
employment,200903,1,2025-12-06T00:32:07.368Z,200
employment,200906,1,2025-12-06T00:38:04.792Z,200
employment,200909,1,2025-12-06T00:44:10.538Z,200
employment,200912,1,2025-12-10T22:26:12.565Z,200
employment,201003,2,2026-03-05T10:45:18.257Z,200
employment,201006,2,2026-03-05T10:39:42.975Z,200
employment,201009,2,2026-03-05T10:34:17.161Z,200
employment,201012,2,2026-03-05T10:28:41.291Z,200
employment,201103,2,2026-03-05T10:23:26.004Z,200
employment,201106,2,2026-03-05T10:17:40.577Z,200
employment,201107,2,2026-03-05T10:11:55.224Z,200
employment,201108,2,2026-03-05T10:06:08.829Z,200
employment,201109,2,2026-03-05T10:00:26.101Z,200
employment,201110,2,2026-03-05T09:54:47.558Z,200
employment,201111,2,2026-03-05T09:49:10.167Z,200
employment,201112,2,2026-03-05T09:43:35.395Z,200
employment,201201,2,2026-03-05T09:38:10.261Z,200
employment,201202,2,2026-03-05T09:32:44.609Z,200
employment,201203,2,2026-03-05T09:27:06.082Z,200
employment,201204,2,2026-03-05T09:21:40.671Z,200
employment,201205,2,2026-03-05T09:16:03.887Z,200
employment,201206,2,2026-03-05T09:10:28.217Z,200
employment,201207,2,2026-03-05T09:04:53.196Z,200
employment,201208,2,2026-03-05T08:59:17.670Z,200
employment,201209,2,2026-03-05T08:53:53.500Z,200
employment,201210,2,2026-03-05T08:48:28.689Z,200
employment,201211,2,2026-03-05T08:42:53.564Z,200
employment,201212,2,2026-03-05T08:37:19.141Z,200
employment,201301,2,2026-03-05T08:31:54.754Z,200
employment,201302,2,2026-03-05T08:26:19.270Z,200
employment,201303,2,2026-03-05T08:20:45.303Z,200
employment,201304,2,2026-03-05T08:15:10.420Z,200
employment,201305,2,2026-03-05T08:09:35.787Z,200
employment,201306,2,2026-03-05T08:04:01.462Z,200
employment,201307,2,2026-03-05T07:58:16.509Z,200
employment,201308,2,2026-03-05T07:52:41.164Z,200
employment,201309,2,2026-03-05T07:47:16.053Z,200
employment,201310,2,2026-03-05T07:41:51.514Z,200
employment,201311,2,2026-03-05T07:36:16.903Z,200
employment,201312,2,2026-03-05T07:30:51.850Z,200
employment,201401,2,2026-03-05T07:25:16.647Z,200
employment,201402,2,2026-03-05T07:19:51.674Z,200
employment,201403,2,2026-03-05T07:14:16.743Z,200
employment,201404,2,2026-03-05T07:08:51.071Z,200
employment,201405,2,2026-03-05T07:03:25.866Z,200
employment,201406,2,2026-03-05T06:57:40.786Z,200
employment,201407,2,2026-03-05T06:52:05.523Z,200
employment,201408,2,2026-03-05T06:46:30.534Z,200
employment,201409,2,2026-03-05T06:41:06.486Z,200
employment,201410,2,2026-03-05T06:35:19.716Z,200
employment,201411,2,2026-03-05T06:29:54.375Z,200
employment,201412,2,2026-03-05T06:24:29.592Z,200
employment,201501,3,2026-05-01T21:09:10.453Z,200
employment,201502,3,2026-05-01T20:58:25.291Z,200
employment,201503,3,2026-05-01T20:47:45.961Z,200
employment,201504,3,2026-05-01T20:37:28.471Z,200
employment,201505,3,2026-05-01T20:26:51.782Z,200
employment,201506,3,2026-05-01T20:16:36.710Z,200
employment,201507,3,2026-05-01T20:06:20.532Z,200
employment,201508,3,2026-05-01T19:56:03.765Z,200
employment,201509,3,2026-05-01T19:45:47.788Z,200
employment,201510,3,2026-05-01T19:35:31.870Z,200
employment,201511,3,2026-05-01T19:24:45.419Z,200
employment,201512,3,2026-05-01T19:14:49.479Z,200
employment,201601,3,2026-05-01T19:04:33.945Z,200
employment,201602,3,2026-05-01T18:54:07.909Z,200
employment,201603,3,2026-05-01T18:44:12.358Z,200
employment,201604,3,2026-05-01T18:33:56.635Z,200
employment,201605,3,2026-05-01T18:23:59.997Z,200
employment,201606,3,2026-05-01T18:12:33.088Z,200
employment,201607,3,2026-05-01T18:01:35.710Z,200
employment,201608,3,2026-05-01T17:51:29.216Z,200
employment,201609,3,2026-05-01T17:41:14.454Z,200
employment,201610,3,2026-05-01T17:31:16.192Z,200
employment,201611,3,2026-05-01T17:19:38.401Z,200
employment,201612,3,2026-05-01T17:08:00.567Z,200
employment,201701,3,2026-05-01T16:56:23.474Z,200
employment,201702,3,2026-05-01T16:43:56.090Z,200
employment,201703,3,2026-05-01T16:31:38.449Z,200
employment,201704,3,2026-05-01T16:19:30.951Z,200
employment,201705,3,2026-05-01T16:06:53.342Z,200
employment,201706,3,2026-05-01T15:54:45.507Z,200
employment,201707,3,2026-05-01T15:42:47.921Z,200
employment,201708,3,2026-05-01T15:30:31.275Z,200
employment,201709,3,2026-05-01T15:18:15.227Z,200
employment,201710,3,2026-05-01T15:05:48.002Z,200
employment,201711,3,2026-05-01T14:53:51.416Z,200
employment,201712,3,2026-05-01T14:41:42.925Z,200
employment,201801,3,2026-05-01T14:29:36.063Z,200
employment,201802,3,2026-05-01T14:17:39.640Z,200
employment,201803,3,2026-05-01T14:05:02.331Z,200
employment,201804,3,2026-05-01T13:52:55.104Z,200
employment,201805,3,2026-05-01T13:40:48.100Z,200
employment,201806,3,2026-05-01T13:28:30.030Z,200
employment,201807,3,2026-05-01T13:16:23.860Z,200
employment,201808,3,2026-05-01T13:04:16.878Z,200
employment,201809,3,2026-05-01T12:52:18.220Z,200
employment,201810,3,2026-05-01T12:40:21.351Z,200
employment,201811,3,2026-05-01T12:28:13.925Z,200
employment,201812,3,2026-05-01T12:16:17.071Z,200
employment,201901,3,2026-05-01T12:04:09.027Z,200
employment,201902,3,2026-05-01T11:52:12.714Z,200
employment,201903,3,2026-05-01T11:40:17.756Z,200
employment,201904,3,2026-05-01T11:28:09.153Z,200
employment,201905,3,2026-05-01T11:16:02.479Z,200
employment,201906,3,2026-05-01T11:03:54.917Z,200
employment,201907,3,2026-05-01T10:51:58.172Z,200
employment,201908,3,2026-05-01T10:39:51.947Z,200
employment,201909,3,2026-05-01T10:27:24.371Z,200
employment,201910,3,2026-05-01T10:15:37.561Z,200
employment,201911,3,2026-05-01T10:03:39.879Z,200
employment,201912,3,2026-05-01T09:51:42.955Z,200
employment,202001,3,2026-05-01T09:39:45.445Z,200
employment,202002,3,2026-05-01T09:27:48.742Z,200
employment,202003,3,2026-05-01T09:15:52.170Z,200
employment,202004,3,2026-05-01T09:03:54.609Z,200
employment,202005,3,2026-05-01T08:51:48.204Z,200
employment,202006,3,2026-05-01T08:39:41.248Z,200
employment,202007,3,2026-05-01T08:27:24.465Z,200
employment,202008,3,2026-05-01T08:15:17.566Z,200
employment,202009,3,2026-05-01T08:03:00.320Z,200
employment,202010,3,2026-05-01T07:51:00.510Z,200
employment,202011,3,2026-05-01T07:38:53.720Z,200
employment,202012,3,2026-05-01T07:26:47.395Z,200
employment,202101,3,2026-05-01T07:14:41.299Z,200
employment,202102,3,2026-05-01T07:02:24.879Z,200
employment,202103,3,2026-05-01T06:50:18.975Z,200
employment,202104,3,2026-05-01T06:38:02.256Z,200
employment,202105,3,2026-05-01T06:25:45.649Z,200
employment,202106,3,2026-05-01T06:13:19.441Z,200
employment,202107,3,2026-05-01T06:00:24.473Z,200
employment,202108,3,2026-05-01T05:48:14.989Z,200
employment,202109,3,2026-05-01T05:36:08.560Z,200
employment,202110,3,2026-05-01T05:24:02.403Z,200
employment,202111,3,2026-05-01T05:12:05.402Z,200
employment,202112,3,2026-05-01T04:59:58.902Z,200
employment,202201,3,2026-05-01T04:47:52.346Z,200
employment,202202,3,2026-05-01T04:36:26.027Z,200
employment,202203,3,2026-05-01T04:24:48.158Z,200
employment,202204,3,2026-05-01T04:13:10.580Z,200
employment,202205,3,2026-05-01T04:01:32.703Z,200
employment,202206,3,2026-05-01T03:49:55.233Z,200
employment,202207,3,2026-05-01T03:38:07.383Z,200
employment,202208,3,2026-05-01T03:26:00.115Z,200
employment,202209,3,2026-05-01T03:14:12.928Z,200
employment,202210,3,2026-05-01T03:02:14.445Z,200
employment,202211,3,2026-05-01T02:50:19.830Z,200
employment,202212,3,2026-05-01T02:38:29.226Z,200
employment,202301,3,2026-05-01T02:26:41.591Z,200
employment,202302,3,2026-05-01T02:14:53.972Z,200
employment,202303,3,2026-05-01T02:03:06.952Z,200
employment,202304,3,2026-05-01T01:51:19.625Z,200
employment,202305,3,2026-05-01T01:39:22.879Z,200
employment,202306,3,2026-05-01T01:27:24.922Z,200
employment,202307,3,2026-05-01T01:15:27.577Z,200
employment,202308,3,2026-05-01T01:03:17.108Z,200
employment,202309,3,2026-05-01T00:51:09.544Z,200
employment,202310,3,2026-05-01T00:39:13.082Z,200
employment,202311,3,2026-05-01T00:27:09.451Z,200
employment,202312,3,2026-05-01T00:15:07.576Z,200
employment,202401,3,2026-05-01T00:02:49.853Z,200
employment,202402,3,2026-04-30T23:50:41.541Z,200
employment,202403,3,2026-04-30T23:38:33.965Z,200
employment,202404,3,2026-04-30T23:26:26.664Z,200
employment,202405,3,2026-04-30T23:14:10.179Z,200
employment,202406,3,2026-04-30T23:01:53.630Z,200
employment,202407,3,2026-04-30T22:49:16.736Z,200
employment,202408,3,2026-04-30T22:36:29.292Z,200
employment,202409,3,2026-04-30T22:23:52.052Z,200
employment,202410,3,2026-04-30T22:11:15.545Z,200
employment,202411,3,2026-04-30T21:58:39.647Z,200
employment,202412,3,2026-04-30T21:46:00.385Z,200
employment,202501,3,2026-04-30T21:33:04.171Z,200
employment,202502,3,2026-04-30T21:20:25.856Z,200
employment,202503,3,2026-04-30T21:04:17.912Z,200
employment,202504,3,2026-04-30T20:51:19.018Z,200
employment,202505,3,2026-04-30T20:38:41.836Z,200
employment,202506,3,2026-04-30T20:26:04.343Z,200
employment,202507,3,2026-04-30T20:12:16.032Z,200
employment,202508,3,2026-04-30T19:59:18.537Z,200
employment,202509,3,2026-04-30T19:47:42.336Z,200
employment,202510,3,2026-04-30T19:34:24.535Z,200
employment,202511,3,2026-04-30T19:21:46.297Z,200
employment,202512,3,2026-04-30T19:09:29.946Z,200
employment,202601,2,2026-04-30T18:56:43.139Z,200
employment,202602,2,2026-04-30T18:50:59.080Z,200
employment,202603,1,2026-04-30T18:45:15.524Z,200
employment,202604,1,2026-05-28T15:11:19.928Z,200
employment,202605,1,2026-06-30T16:41:22.457Z,200
employment,202606,2,2026-09-02T13:32:10.679Z,200
employment,202607,1,2026-09-02T13:44:22.923Z,200
separations,200501,1,2025-12-05T22:57:51.932Z,200
separations,200502,1,2025-12-05T23:00:09.931Z,200
separations,200503,1,2025-12-05T23:02:27.819Z,200
separations,200504,1,2025-12-05T23:04:33.636Z,200
separations,200505,1,2025-12-05T23:06:39.540Z,200
separations,200506,1,2025-12-05T23:09:02.653Z,200
separations,200507,1,2025-12-05T23:11:07.507Z,200
separations,200508,1,2025-12-05T23:13:12.675Z,200
separations,200509,1,2025-12-05T23:15:46.254Z,200
separations,200510,1,2025-12-05T23:18:00.700Z,200
separations,200511,1,2025-12-05T23:20:20.010Z,200
separations,200512,1,2025-12-05T23:22:25.367Z,200
separations,200601,1,2025-12-05T23:24:40.067Z,200
separations,200602,1,2025-12-05T23:27:55.515Z,200
separations,200603,1,2025-12-05T23:30:10.482Z,200
separations,200604,1,2025-12-05T23:32:14.814Z,200
separations,200605,1,2025-12-05T23:34:29.346Z,200
separations,200606,1,2025-12-05T23:36:34.578Z,200
separations,200607,1,2025-12-05T23:38:49.017Z,200
separations,200608,1,2025-12-05T23:41:03.293Z,200
separations,200609,1,2025-12-05T23:43:08.541Z,200
separations,200610,1,2025-12-05T23:45:32.574Z,200
separations,200611,1,2025-12-05T23:47:37.050Z,200
separations,200612,1,2025-12-05T23:49:35.229Z,200
separations,200701,1,2025-12-05T23:51:50.376Z,200
separations,200702,1,2025-12-05T23:53:50.788Z,200
separations,200703,1,2025-12-05T23:56:04.093Z,200
separations,200704,1,2025-12-05T23:58:02.135Z,200
separations,200705,1,2025-12-06T00:00:01.697Z,200
separations,200706,1,2025-12-06T00:02:06.487Z,200
separations,200707,1,2025-12-06T00:04:00.978Z,200
separations,200708,1,2025-12-06T00:06:05.523Z,200
separations,200709,1,2025-12-06T00:08:04.038Z,200
separations,200710,1,2025-12-06T00:10:10.316Z,200
separations,200711,1,2025-12-06T00:12:17.607Z,200
separations,200712,1,2025-12-06T00:14:12.519Z,200
separations,200801,1,2025-12-06T00:16:16.574Z,200
separations,200802,1,2025-12-06T00:18:20.940Z,200
separations,200803,1,2025-12-06T00:20:21.323Z,200
separations,200804,1,2025-12-06T00:22:23.567Z,200
separations,200805,1,2025-12-06T00:24:17.398Z,200
separations,200806,1,2025-12-06T00:26:22.429Z,200
separations,200807,1,2025-12-06T00:28:38.232Z,200
separations,200808,1,2025-12-06T00:30:52.608Z,200
separations,200809,1,2025-12-06T00:32:58.191Z,200
separations,200810,1,2025-12-06T00:35:02.213Z,200
separations,200811,1,2025-12-06T00:37:06.696Z,200
separations,200812,1,2025-12-06T00:39:33.634Z,200
separations,200901,1,2025-12-06T00:41:40.398Z,200
separations,200902,1,2025-12-06T00:43:45.032Z,200
separations,200903,1,2025-12-06T00:46:09.422Z,200
separations,200904,1,2025-12-06T00:48:13.104Z,200
separations,200905,1,2025-12-06T00:49:58.217Z,200
separations,200906,1,2025-12-06T00:52:08.067Z,200
separations,200907,1,2025-12-06T00:53:52.794Z,200
separations,200908,1,2025-12-06T00:56:27.537Z,200
separations,200909,1,2025-12-06T00:58:12.546Z,200
separations,200910,1,2025-12-10T22:37:01.262Z,200
separations,200911,1,2025-12-10T22:38:44.670Z,200
separations,200912,1,2025-12-10T22:39:38.045Z,200
separations,201001,2,2026-03-04T23:47:11.701Z,200
separations,201002,2,2026-03-04T23:45:18.597Z,200
separations,201003,2,2026-03-04T23:43:24.817Z,200
separations,201004,2,2026-03-04T23:41:31.720Z,200
separations,201005,2,2026-03-04T23:39:38.791Z,200
separations,201006,2,2026-03-04T23:37:45.902Z,200
separations,201007,2,2026-03-04T23:35:41.754Z,200
separations,201008,2,2026-03-04T23:33:38.761Z,200
separations,201009,2,2026-03-04T23:31:35.221Z,200
separations,201010,2,2026-03-04T23:29:31.782Z,200
separations,201011,2,2026-03-04T23:27:38.372Z,200
separations,201012,2,2026-03-04T23:25:34.349Z,200
separations,201101,2,2026-03-04T23:23:31.428Z,200
separations,201102,2,2026-03-04T23:21:37.906Z,200
separations,201103,2,2026-03-04T23:19:43.776Z,200
separations,201104,2,2026-03-04T23:17:50.528Z,200
separations,201105,2,2026-03-04T23:15:57.083Z,200
separations,201106,2,2026-03-04T23:13:43.840Z,200
separations,201107,2,2026-03-04T23:11:40.505Z,200
separations,201108,2,2026-03-04T23:09:47.631Z,200
separations,201109,2,2026-03-04T23:07:54.016Z,200
separations,201110,2,2026-03-04T23:05:50.333Z,200
separations,201111,2,2026-03-04T23:03:55.125Z,200
separations,201112,2,2026-03-04T23:01:52.898Z,200
separations,201201,2,2026-03-04T22:59:57.607Z,200
separations,201202,2,2026-03-04T22:58:04.508Z,200
separations,201203,2,2026-03-04T22:56:11.586Z,200
separations,201204,2,2026-03-04T22:54:17.834Z,200
separations,201205,2,2026-03-04T22:52:24.308Z,200
separations,201206,2,2026-03-04T22:50:30.438Z,200
separations,201207,2,2026-03-04T22:48:36.797Z,200
separations,201208,2,2026-03-04T22:46:43.444Z,200
separations,201209,2,2026-03-04T22:44:50.683Z,200
separations,201210,2,2026-03-04T22:42:57.363Z,200
separations,201211,2,2026-03-04T22:41:03.475Z,200
separations,201212,2,2026-03-04T22:39:10.311Z,200
separations,201301,2,2026-03-04T22:37:17.057Z,200
separations,201302,2,2026-03-04T22:35:23.805Z,200
separations,201303,2,2026-03-04T22:33:31.433Z,200
separations,201304,2,2026-03-04T22:31:37.298Z,200
separations,201305,2,2026-03-04T22:29:44.504Z,200
separations,201306,2,2026-03-04T22:27:50.781Z,200
separations,201307,2,2026-03-04T22:25:57.928Z,200
separations,201308,2,2026-03-04T22:24:04.913Z,200
separations,201309,2,2026-03-04T22:22:11.834Z,200
separations,201310,2,2026-03-04T22:20:19.164Z,200
separations,201311,2,2026-03-04T22:18:34.586Z,200
separations,201312,2,2026-03-04T22:16:40.981Z,200
separations,201401,2,2026-03-04T22:14:48.017Z,200
separations,201402,2,2026-03-04T22:12:54.927Z,200
separations,201403,2,2026-03-04T22:11:00.915Z,200
separations,201404,2,2026-03-04T22:09:07.011Z,200
separations,201405,2,2026-03-04T22:07:14.065Z,200
separations,201406,2,2026-03-04T22:05:09.752Z,200
separations,201407,2,2026-03-04T22:03:15.369Z,200
separations,201408,2,2026-03-04T22:01:12.251Z,200
separations,201409,2,2026-03-04T21:59:05.951Z,200
separations,201410,2,2026-03-04T21:57:12.294Z,200
separations,201411,2,2026-03-04T21:55:19.242Z,200
separations,201412,2,2026-03-04T21:53:26.100Z,200
separations,201501,3,2026-04-30T23:08:06.785Z,200
separations,201502,3,2026-04-30T23:06:23.486Z,200
separations,201503,3,2026-04-30T23:04:40.449Z,200
separations,201504,3,2026-04-30T23:02:57.633Z,200
separations,201505,3,2026-04-30T23:01:05.405Z,200
separations,201506,3,2026-04-30T22:59:20.615Z,200
separations,201507,3,2026-04-30T22:57:36.838Z,200
separations,201508,3,2026-04-30T22:55:53.365Z,200
separations,201509,3,2026-04-30T22:53:59.877Z,200
separations,201510,3,2026-04-30T22:52:06.565Z,200
separations,201511,3,2026-04-30T22:50:22.994Z,200
separations,201512,3,2026-04-30T22:48:31.956Z,200
separations,201601,3,2026-04-30T22:46:46.507Z,200
separations,201602,3,2026-04-30T22:45:03.377Z,200
separations,201603,3,2026-04-30T22:43:18.546Z,200
separations,201604,3,2026-04-30T22:41:34.884Z,200
separations,201605,3,2026-04-30T22:39:51.305Z,200
separations,201606,3,2026-04-30T22:38:08.427Z,200
separations,201607,3,2026-04-30T22:36:15.803Z,200
separations,201608,3,2026-04-30T22:34:31.775Z,200
separations,201609,3,2026-04-30T22:32:38.271Z,200
separations,201610,3,2026-04-30T22:30:45.105Z,200
separations,201611,3,2026-04-30T22:29:01.746Z,200
separations,201612,3,2026-04-30T22:27:08.302Z,200
separations,201701,3,2026-04-30T22:25:15.238Z,200
separations,201702,3,2026-04-30T22:23:32.421Z,200
separations,201703,3,2026-04-30T22:21:48.153Z,200
separations,201704,3,2026-04-30T22:20:04.549Z,200
separations,201705,3,2026-04-30T22:18:22.168Z,200
separations,201706,3,2026-04-30T22:16:28.211Z,200
separations,201707,3,2026-04-30T22:14:45.234Z,200
separations,201708,3,2026-04-30T22:12:51.985Z,200
separations,201709,3,2026-04-30T22:10:50.462Z,200
separations,201710,3,2026-04-30T22:08:55.221Z,200
separations,201711,3,2026-04-30T22:07:12.327Z,200
separations,201712,3,2026-04-30T22:05:17.683Z,200
separations,201801,3,2026-04-30T22:03:23.957Z,200
separations,201802,3,2026-04-30T22:01:40.865Z,200
separations,201803,3,2026-04-30T21:59:47.295Z,200
separations,201804,3,2026-04-30T21:57:56.284Z,200
separations,201805,3,2026-04-30T21:56:10.504Z,200
separations,201806,3,2026-04-30T21:54:17.785Z,200
separations,201807,3,2026-04-30T21:52:34.913Z,200
separations,201808,3,2026-04-30T21:50:41.406Z,200
separations,201809,3,2026-04-30T21:48:38.255Z,200
separations,201810,3,2026-04-30T21:46:44.646Z,200
separations,201811,3,2026-04-30T21:45:00.869Z,200
separations,201812,3,2026-04-30T21:43:07.402Z,200
separations,201901,3,2026-04-30T21:41:24.317Z,200
separations,201902,3,2026-04-30T21:39:41.330Z,200
separations,201903,3,2026-04-30T21:37:47.746Z,200
separations,201904,3,2026-04-30T21:35:40.124Z,200
separations,201905,3,2026-04-30T21:33:22.052Z,200
separations,201906,3,2026-04-30T21:31:26.714Z,200
separations,201907,3,2026-04-30T21:29:33.455Z,200
separations,201908,3,2026-04-30T21:27:29.916Z,200
separations,201909,3,2026-04-30T21:25:26.541Z,200
separations,201910,3,2026-04-30T21:23:23.188Z,200
separations,201911,3,2026-04-30T21:21:29.463Z,200
separations,201912,3,2026-04-30T21:19:26.751Z,200
separations,202001,3,2026-04-30T21:17:23.451Z,200
separations,202002,3,2026-04-30T21:15:29.339Z,200
separations,202003,3,2026-04-30T21:13:26.017Z,200
separations,202004,3,2026-04-30T21:11:08.008Z,200
separations,202005,3,2026-04-30T21:07:32.584Z,200
separations,202006,3,2026-04-30T21:04:08.032Z,200
separations,202007,3,2026-04-30T21:02:11.004Z,200
separations,202008,3,2026-04-30T21:00:17.715Z,200
separations,202009,3,2026-04-30T20:58:21.131Z,200
separations,202010,3,2026-04-30T20:56:27.931Z,200
separations,202011,3,2026-04-30T20:54:34.269Z,200
separations,202012,3,2026-04-30T20:52:30.787Z,200
separations,202101,3,2026-04-30T20:50:39.474Z,200
separations,202102,3,2026-04-30T20:48:54.160Z,200
separations,202103,3,2026-04-30T20:47:00.407Z,200
separations,202104,3,2026-04-30T20:45:07.187Z,200
separations,202105,3,2026-04-30T20:43:14.936Z,200
separations,202106,3,2026-04-30T20:41:20.101Z,200
separations,202107,3,2026-04-30T20:39:26.584Z,200
separations,202108,3,2026-04-30T20:37:32.380Z,200
separations,202109,3,2026-04-30T20:35:18.406Z,200
separations,202110,3,2026-04-30T20:33:24.887Z,200
separations,202111,3,2026-04-30T20:31:31.687Z,200
separations,202112,3,2026-04-30T20:29:28.461Z,200
separations,202201,3,2026-04-30T20:27:34.994Z,200
separations,202202,3,2026-04-30T20:25:41.848Z,200
separations,202203,3,2026-04-30T20:23:47.640Z,200
separations,202204,3,2026-04-30T20:21:54.594Z,200
separations,202205,3,2026-04-30T20:20:00.684Z,200
separations,202206,3,2026-04-30T20:16:46.859Z,200
separations,202207,3,2026-04-30T20:14:42.675Z,200
separations,202208,3,2026-04-30T20:12:49.628Z,200
separations,202209,3,2026-04-30T20:11:05.870Z,200
separations,202210,3,2026-04-30T20:09:02.368Z,200
separations,202211,3,2026-04-30T20:07:08.388Z,200
separations,202212,3,2026-04-30T20:05:15.272Z,200
separations,202301,3,2026-04-30T20:03:23.260Z,200
separations,202302,3,2026-04-30T20:01:27.827Z,200
separations,202303,3,2026-04-30T19:58:54.101Z,200
separations,202304,3,2026-04-30T19:56:58.834Z,200
separations,202305,3,2026-04-30T19:55:15.599Z,200
separations,202306,3,2026-04-30T19:53:23.906Z,200
separations,202307,3,2026-04-30T19:51:27.204Z,200
separations,202308,3,2026-04-30T19:49:33.658Z,200
separations,202309,3,2026-04-30T19:47:40.760Z,200
separations,202310,3,2026-04-30T19:45:36.679Z,200
separations,202311,3,2026-04-30T19:43:17.462Z,200
separations,202312,3,2026-04-30T19:40:04.874Z,200
separations,202401,3,2026-04-30T19:37:47.836Z,200
separations,202402,3,2026-04-30T19:36:04.949Z,200
separations,202403,3,2026-04-30T19:34:21.279Z,200
separations,202404,3,2026-04-30T19:32:28.406Z,200
separations,202405,3,2026-04-30T19:30:33.610Z,200
separations,202406,3,2026-04-30T19:28:29.824Z,200
separations,202407,3,2026-04-30T19:26:46.723Z,200
separations,202408,3,2026-04-30T19:24:53.185Z,200
separations,202409,3,2026-04-30T19:23:00.485Z,200
separations,202410,3,2026-04-30T19:21:09.502Z,200
separations,202411,3,2026-04-30T19:19:14.193Z,200
separations,202412,3,2026-04-30T19:17:10.101Z,200
separations,202501,3,2026-04-30T19:15:07.039Z,200
separations,202502,4,2026-04-30T19:13:13.227Z,200
separations,202503,4,2026-04-30T19:11:20.760Z,200
separations,202504,4,2026-04-30T19:09:27.646Z,200
separations,202505,4,2026-04-30T19:07:33.232Z,200
separations,202506,4,2026-04-30T19:05:39.824Z,200
separations,202507,4,2026-04-30T19:03:46.343Z,200
separations,202508,4,2026-04-30T19:01:52.057Z,200
separations,202509,4,2026-04-30T18:58:58.116Z,200
separations,202510,4,2026-04-30T18:57:14.617Z,200
separations,202511,4,2026-04-30T18:55:20.893Z,200
separations,202512,3,2026-04-30T18:53:17.896Z,200
separations,202601,2,2026-04-30T18:50:44.361Z,200
separations,202602,2,2026-04-30T18:50:01.711Z,200
separations,202603,1,2026-04-30T18:49:18.058Z,200
separations,202604,1,2026-05-28T15:11:21.601Z,200
separations,202605,1,2026-06-30T16:41:48.004Z,200
separations,202606,3,2026-09-02T14:13:59.838Z,200
separations,202607,1,2026-09-02T14:20:56.736Z,200
