code,name
0018,SAFETY AND OCCUPATIONAL HEALTH MANAGEMENT
0028,ENVIRONMENTAL PROTECTION SPECIALIST
0080,SECURITY ADMINISTRATION
0086,SECURITY CLERICAL AND ASSISTANCE
0089,EMERGENCY MANAGEMENT SPECIALIST
0110,ECONOMIST
0131,INTERNATIONAL RELATIONS
0132,INTELLIGENCE
0180,PSYCHOLOGY
0201,HUMAN RESOURCES MANAGEMENT
0203,HUMAN RESOURCES ASSISTANCE
0260,EQUAL EMPLOYMENT OPPORTUNITY
0301,MISCELLANEOUS ADMINISTRATION AND PROGRAM
0303,MISCELLANEOUS CLERK AND ASSISTANT
0306,GOVERNMENT INFORMATION SPECIALIST
0308,RECORDS AND INFORMATION MANAGEMENT
0340,PROGRAM MANAGEMENT
0341,ADMINISTRATIVE OFFICER
0343,MANAGEMENT AND PROGRAM ANALYSIS
0344,MANAGEMENT AND PROGRAM CLERICAL AND ASSISTANCE
0346,LOGISTICS MANAGEMENT
0360,EQUAL OPPORTUNITY COMPLIANCE
0361,EQUAL OPPORTUNITY ASSISTANCE
0391,TELECOMMUNICATIONS
0501,FINANCIAL ADMINISTRATION AND PROGRAM
0503,FINANCIAL CLERICAL AND ASSISTANCE
0510,ACCOUNTING
0511,AUDITING
0560,BUDGET ANALYSIS
0602,MEDICAL OFFICER
0610,NURSE
0801,GENERAL ENGINEERING
0802,ENGINEERING TECHNICAL
0856,ELECTRONICS TECHNICAL
0905,GENERAL ATTORNEY
0950,PARALEGAL SPECIALIST
0998,CLAIMS ASSISTANCE AND EXAMINING
1001,GENERAL ARTS AND INFORMATION
1035,PUBLIC AFFAIRS
1071,AUDIOVISUAL PRODUCTION
1082,WRITING AND EDITING
1084,VISUAL INFORMATION
1101,GENERAL BUSINESS AND INDUSTRY
1102,CONTRACTING
1170,REALTY
1176,BUILDING MANAGEMENT
1306,HEALTH PHYSICS
1320,CHEMISTRY
1515,OPERATIONS RESEARCH
1530,STATISTICS
1670,EQUIPMENT SERVICES
1701,GENERAL EDUCATION AND TRAINING
1712,TRAINING INSTRUCTION
1750,INSTRUCTIONAL SYSTEMS
1801,"GENERAL INSPECTION, INVESTIGATION, ENFORCEMENT, AND COMPLIANCE SERIES"
1802,COMPLIANCE INSPECTION AND SUPPORT
1805,INVESTIGATIVE ANALYSIS
1810,GENERAL INVESTIGATION
1811,CRIMINAL INVESTIGATION
2005,SUPPLY CLERICAL AND TECHNICIAN
2102,TRANSPORTATION CLERK AND ASSISTANT
2210,INFORMATION TECHNOLOGY MANAGEMENT
