dataset,month,version,opm_api_url,rows_in_file,opm_equals_mirror_exact,opm_equals_mirror_normalized,null_like_cells_in_tsa_rows,tsa_count_opm,tsa_count_ours,tsa_columns_used_identical,match
employment,201801,3,https://data.opm.gov/api/v1/files/employment/2018/01/3/download,2074390,False,True,1774,60722,60722,True,True
employment,202502,3,https://data.opm.gov/api/v1/files/employment/2025/02/3/download,2272018,False,True,1130,66327,66327,True,True
employment,202510,3,https://data.opm.gov/api/v1/files/employment/2025/10/3/download,2097534,False,True,908,64348,64348,True,True
employment,202606,2,https://data.opm.gov/api/v1/files/employment/2026/06/2/download,2029748,True,True,849,59977,59977,True,True
employment,202607,1,https://data.opm.gov/api/v1/files/employment/2026/07/1/download,2020230,True,True,858,59611,59611,True,True
accessions,201801,3,https://data.opm.gov/api/v1/files/accessions/2018/01/3/download,16320,False,True,1500,745,745,True,True
accessions,202512,3,https://data.opm.gov/api/v1/files/accessions/2025/12/3/download,8381,False,True,59,30,30,True,True
accessions,202606,3,https://data.opm.gov/api/v1/files/accessions/2026/06/3/download,16610,True,True,448,224,224,True,True
accessions,202607,1,https://data.opm.gov/api/v1/files/accessions/2026/07/1/download,19024,True,True,879,439,439,True,True
separations,201801,3,https://data.opm.gov/api/v1/files/separations/2018/01/3/download,18933,False,True,1546,769,769,True,True
separations,202510,4,https://data.opm.gov/api/v1/files/separations/2025/10/4/download,12526,False,True,50,18,18,True,True
separations,202509,4,https://data.opm.gov/api/v1/files/separations/2025/09/4/download,121014,False,True,3752,1179,1179,True,True
separations,202606,3,https://data.opm.gov/api/v1/files/separations/2026/06/3/download,16299,True,True,1818,574,574,True,True
separations,202607,1,https://data.opm.gov/api/v1/files/separations/2026/07/1/download,16681,True,True,2831,866,866,True,True
separations,201912,3,https://data.opm.gov/api/v1/files/separations/2019/12/3/download,23078,False,True,1305,651,651,True,True
separations,202307,3,https://data.opm.gov/api/v1/files/separations/2023/07/3/download,20972,False,True,1110,566,566,True,True
separations,202503,4,https://data.opm.gov/api/v1/files/separations/2025/03/4/download,22084,False,True,2482,683,683,True,True
employment,202403,3,https://data.opm.gov/api/v1/files/employment/2024/03/3/download,2278730,False,True,1663,62788,62788,True,True
employment,201805,3,https://data.opm.gov/api/v1/files/employment/2018/05/3/download,2096642,False,True,1738,62103,62103,True,True
accessions,202305,3,https://data.opm.gov/api/v1/files/accessions/2023/05/3/download,34188,False,True,1923,993,993,True,True
accessions,202406,3,https://data.opm.gov/api/v1/files/accessions/2024/06/3/download,38348,False,True,2304,1282,1282,True,True
accessions,202603,1,https://data.opm.gov/api/v1/files/accessions/2026/03/1/download,15100,False,True,418,208,208,True,True
accessions,202105,3,https://data.opm.gov/api/v1/files/accessions/2021/05/3/download,27622,False,True,1234,618,618,True,True
accessions,202311,3,https://data.opm.gov/api/v1/files/accessions/2023/11/3/download,19646,False,True,443,251,251,True,True
accessions,201909,3,https://data.opm.gov/api/v1/files/accessions/2019/09/3/download,35644,False,True,2166,1082,1082,True,True
accessions,202602,2,https://data.opm.gov/api/v1/files/accessions/2026/02/2/download,8997,False,True,380,190,190,True,True
