year,kind,n
2005,accessions,7343.0
2005,accessions_frontline,3.0
2005,separations,12071.0
2005,separations_frontline,38.0
2006,accessions,11405.0
2006,accessions_frontline,10129.0
2006,separations,9732.0
2006,separations_frontline,7696.0
2007,accessions,12371.0
2007,accessions_frontline,11821.0
2007,separations,10435.0
2007,separations_frontline,9301.0
2008,accessions,12316.0
2008,accessions_frontline,11203.0
2008,separations,8381.0
2008,separations_frontline,7448.0
2009,accessions,3432.0
2009,accessions_frontline,2549.0
2009,separations,4617.0
2009,separations_frontline,3920.0
2010,accessions,6835.0
2010,accessions_frontline,5665.0
2010,separations,4700.0
2010,separations_frontline,3752.0
2011,accessions,8985.0
2011,accessions_frontline,8032.0
2011,separations,5381.0
2011,separations_frontline,4472.0
2012,accessions,6768.0
2012,accessions_frontline,6348.0
2012,separations,7179.0
2012,separations_frontline,6165.0
2013,accessions,5272.0
2013,accessions_frontline,4838.0
2013,separations,7495.0
2013,separations_frontline,6448.0
2014,accessions,5046.0
2014,accessions_frontline,4707.0
2014,separations,7862.0
2014,separations_frontline,6496.0
2015,accessions,7645.0
2015,accessions_frontline,7242.0
2015,separations,7645.0
2015,separations_frontline,6276.0
2016,accessions,11464.0
2016,accessions_frontline,10724.0
2016,separations,8554.0
2016,separations_frontline,6742.0
2017,accessions,8137.0
2017,accessions_frontline,7878.0
2017,separations,8152.0
2017,separations_frontline,7064.0
